<?xml version="1.0" encoding="utf-8"?>
<extension type="module" version="3.1.0" client="site" method="upgrade">
    <name>Schokofabrik</name>
    <author>Oezsoy Ahmet</author>
    <version>1.0.0</version>
    <description>Schokoladenfabrik: Plugin 1</description>
    <files>
        <filename>mod_helloworld.xml</filename>
        <filename module="mod_helloworld">mod_helloworld.php</filename>
        <filename>index.html</filename>
        <filename>helper.php</filename>
        <filename>tmpl/default.php</filename>
        <filename>tmpl/index.html</filename>
		<scriptfile>script.php</scriptfile>
    </files>
    <config>
    </config>
</extension>